title,Adjusted Close,Date
Tech Stocks And FAANGS Strong Again To Start Day As Market Awaits Fed,86.85692596435547,10-06-2020
10 Biggest Price Target Changes For Wednesday,86.85692596435547,10-06-2020
"Benzinga Pro's Top 5 Stocks To Watch For Wed., Jun. 10, 2020: AAPL, BAC, NIO, SONO, GLW",86.85692596435547,10-06-2020
"Deutsche Bank Maintains Buy on Apple, Raises Price Target to $350",86.85692596435547,10-06-2020
"Apple To Let Users Trade In Their Mac Computers For Credit At US, Canada Stores: Report",86.85692596435547,10-06-2020
Big Tech Reaches New Record Heights At The Stock Market,86.85692596435547,10-06-2020
Why Apple's Stock Is Trading Higher Today,84.67837524414062,09-06-2020
Apple Could Announce In-House Chips For Macs At WWDC: Report,84.67837524414062,09-06-2020
"Apple shares are trading higher despite market weakness, not currently seeing company-specific news. It was reported the company is expected to begin iPhone 12 production in July.",84.67837524414062,09-06-2020
"Sonos Shares Spike To Session High, Now Up 9.5%, As Citron's Andrew Left, Currently Interviewing On FOX Business, Said Co. Could Be Acquired By Apple Or Amazon",84.67837524414062,09-06-2020
'iPhone 12 Production Expected to Begin in July' -MacRumors,84.67837524414062,09-06-2020
Cramer: NASDAQ Rebound Makes Sense As It Better Represents Economy,84.67837524414062,09-06-2020
"Google Maps To Offer Relevant Local COVID-19 Information For Public Transport, Driving And Testing Centers",84.67837524414062,09-06-2020
"IBM Discontinues Facial Recognition Technology, Says It Can't Condone 'Racial Profiling' Or 'Mass Surveillance'",84.67837524414062,09-06-2020
Munster Says Under-The-Radar Apple TV+ Will Contribute 20% Of Cupertino's Net Income Growth,82.08625030517578,08-06-2020
Airlines Soar Again In Pre-Market Trading Amid More Reopening Optimism,82.08625030517578,08-06-2020
Apple Gets Patent For Socially-Distanced Group Selfies,82.08625030517578,08-06-2020
Apple's Top Supplier Foxconn Launched New Recruitment Drive as Current Covid-19 Pandemic in China Ends,,
"Apple Preparing Monthly iPad, Mac Payment Plans for Apple Card",,
"ESPAÑOL • Cannabis en Argentina, Blockchain Uruguayo, Elon Musk, Warren Buffett, Jeff Bezos, Isiah Thomas, y Canopy Growth",81.60376739501953,05-06-2020
PreMarket Prep Stock Of The Day: Genius Brands,81.60376739501953,05-06-2020
"Airlines, Casino Stocks Getting A Lift In Pre-Market Trading as Surprising Jobs Report Gets Digested",81.60376739501953,05-06-2020
Stocks That Hit 52-Week Highs On Friday,81.60376739501953,05-06-2020
No Surprise: Guess What Market Is Leading Post-Virus Equity Rebound,81.60376739501953,05-06-2020
"Wedbush Maintains Outperform on Apple, Raises Price Target to $375",81.60376739501953,05-06-2020
"Credit Suisse Maintains Neutral on Apple, Raises Price Target to $295",81.60376739501953,05-06-2020
FaZe Clan Celebrates 10-Year Anniversary With G FUEL And Apple Beats,81.60376739501953,05-06-2020
"US Debt Market Raised $22.5B This Week, The Highest Since 2007: FT",81.60376739501953,05-06-2020
"Apple $425 Per Share Case 'On The Horizon,' Analyst Says",81.60376739501953,05-06-2020
FAANG Stocks Seem Immune To COVID-19,79.34397888183594,04-06-2020
'Apple's #iPhone to join Beijing's 12.2 billion yuan ($1.7 billion) consumption voucher program: report. The discount for each purchase is a maximum of 400 yuan.' -Tweet From China's Global Times,79.34397888183594,04-06-2020
"Why Genius Brands Is On A Massive Rally, Adding Nearly 2500% Value In A Month",79.34397888183594,04-06-2020
Warner Music CEO On IPO: Music Is The 'Only Global Language',80.0332260131836,03-06-2020
"Morgan Stanley Bullish On Rising App Store Revenue, Raises Apple Price Target",80.0332260131836,03-06-2020
A Look Into Apple's Price Over Earnings,80.0332260131836,03-06-2020
"Zoom Initially Slips Despite Strong Earnings, Then Reverses Course In Pre-Market Trading",80.0332260131836,03-06-2020
"Morgan Stanley Maintains Overweight on Apple, Raises Price Target to $340",80.0332260131836,03-06-2020
"Warner Music Set To Go Public Today, In Anticipated Largest US IPO Of The Year",80.0332260131836,03-06-2020
Peloton Makes Its Fitness App Available On Apple TV After Pandemic Demand Surge,80.0332260131836,03-06-2020
'Apple is tracking iPhones stolen by looters' -Earlier NY Post Article,79.59505462646484,02-06-2020
MoneyGram Shares Jump 50% As Western Union Reportedly Looks For Acquisition,79.59505462646484,02-06-2020
"Hearing Susquehanna Check Suggests Total iPhone 12 Builds Tracking To 10M, Below Firm's Expectation Of 25M; Unconfirmed",79.59505462646484,02-06-2020
Tesla CEO Musk Says Other Three Officers Should Be Charged In Floyd's Murder Case,79.59505462646484,02-06-2020
A Peek Into The Markets: US Stock Futures Up; Crude Oil Rises Over 2%,79.59505462646484,02-06-2020
"Pepper Spray, Books On Racism, 'I Can't Breathe' Merchandise Are Top Sellers On Amazon As Protests Rage",79.59505462646484,02-06-2020
Apple Cuts iPhone Prices in China To Push Sales As Country Reopens Economy,79.59505462646484,02-06-2020
"Gun, Security Stocks Trade Higher After Weekend Protests Turn Violent And Destructive",79.22826385498047,01-06-2020
Carter Worth And Mike Khouw's Apple Trade,79.22826385498047,01-06-2020
"Apple Pays Hacker From India $100,000 For Discovering Serious 'Sign In With Apple' Vulnerability",79.22826385498047,01-06-2020
Volume Production of New iPhone Models to Begin in Q3 2020,79.22826385498047,01-06-2020
"Apple CEO Writes To Employees About George Floyd Death, Urges For 'Better, More Just World For Everyone'",79.22826385498047,01-06-2020
"Amazon, Apple, Walmart, Other Retailers Shutter Stores, Scale Back Operations In Areas Worst Hit With Protests",79.22826385498047,01-06-2020
"Apple Says With Health and Safety of Its Teams in Mind, Decided to Keep Number of Its Stores in the U.S. Closed on Sunday",,
"Costco Shares Come Under Pressure Despite Strong Earnings, Same-Store Sales",78.26577758789062,29-05-2020
Trump's Executive Order To Expose Social Media To Lawsuits Over Content Policies,78.34208679199219,28-05-2020
Costco Earnings On Tap After Close As Investors Mull Strong Toll Brothers Results,78.34208679199219,28-05-2020
Martin Scorsese's Next Movie Will Be Financed By Apple: Report,78.34208679199219,28-05-2020
"Tech Companies Aren't 'State Actors,' Judge Dismisses Conservative Bias Lawsuit Against Facebook, Twitter, Google, Apple",78.34208679199219,28-05-2020
Leidos Awarded $84.6M Payment from VirnetX  Lawsuit vs Apple,78.30760955810547,27-05-2020
The Most Popular Smartphone Model Of Q1,78.30760955810547,27-05-2020
This New Tool Will Tell You Whether Or Not An Options Spread Is A Good Deal,78.30760955810547,27-05-2020
"B of A Securities Maintains Buy on Apple, Raises Price Target to $340",78.30760955810547,27-05-2020
3 Apple Analysts Lift Price Targets: Why They're Optimistic On iPhone's Trajectory,78.30760955810547,27-05-2020
'LG reportedly supplying 20 million OLED panels for 'iPhone 12 Max'' -AppleInsider,78.30760955810547,27-05-2020
Same Old Leadership Song Lifts These Leveraged ETFs,78.30760955810547,27-05-2020
"Deutsche Bank Maintains Buy on Apple, Raises Price Target to $320",78.30760955810547,27-05-2020
YouTube Makes Its Dedicated Children App Available On Apple TV,78.30760955810547,27-05-2020
Samsung Display Secures Majority of Panel Orders for Next-gen iPhone,78.30760955810547,27-05-2020
Study: 34% Of Americans Report Looking Through Their Partner's Phone Without Permission,77.96790313720703,26-05-2020
Apple To Reopen ~100 More US Stores This Week,77.96790313720703,26-05-2020
"'FAANG Stocks Are Strong Once Again,' Facebook, Amazon, Netflix Hit Record Highs Last Week",77.96790313720703,26-05-2020
Apple Expected to Incorporate Ambient Light Sensors in Next-generation Airpods Devices,,
The Secret to Tech's Resilience to COVID-19- Infrastructure Expansion,78.49962615966797,22-05-2020
"Apple Is Seeking An Executive To Lead Original Podcast Effort, Is Buying Original Podcasts That Would Be Exclusive; New Podcasts Will Help Promote TV+ Video Service",77.9974594116211,21-05-2020
Evercore ISI Analyst Amit DAryanani Says Apple Can Exceed $100 Billion In Services Revenue In The Fiscal Year Ending In September 2024,77.9974594116211,21-05-2020
Apple Vs. Tesla: Morgan Stanley Breaks Down The Parallels,77.9974594116211,21-05-2020
"As The Global Economy Weighs Fears Of A Recession, Travel Is Already In A Depression",77.9974594116211,21-05-2020
Hearing Evercore ISI Raises Price Target On Apple From $330 To $345,77.9974594116211,21-05-2020
Apple's Face ID Will Allow Mask Wearing Users To Unlock Their Phones Quickly,77.9974594116211,21-05-2020
'COVID-19 exposure notification settings begin to go live for iOS users with new update' -TechCrunch,78.58332824707031,20-05-2020
Facebook Plans To Resume Work In Office In July At 25% Capacity And Safety Measures In Place,78.58332824707031,20-05-2020
"A Peek Into The Markets: US Stock Futures Climb Ahead Of Earnings, Fed Minutes",78.58332824707031,20-05-2020
Why Sony Sold Streaming Rights For Tom Hanks Movie To Apple Instead Of Waiting Out The Pandemic,78.58332824707031,20-05-2020
Smartphone Sales Picking up in China,78.58332824707031,20-05-2020
"Apple Looking To Diversify Its Manufacturing Base, Will Make Headphones In Vietnam",78.58332824707031,20-05-2020
Telemedicine A COVID-19 Winner,77.08417510986328,19-05-2020
"Walmart Earnings Look Strong Across the Board, But Home Depot Down After Missing on EPS",77.08417510986328,19-05-2020
Sony To Convert Its Financial Subsidiary Into Wholly Owned Unit Through $3.7B Tender Offer,77.08417510986328,19-05-2020
"'Apple buys older shows for TV+, stepping up Netflix challenge' -Earlier SCMP Report",77.08417510986328,19-05-2020
"Here's How Much Investing $1,000 In The 2015 Fitbit IPO Would Be Worth Today",77.53219604492188,18-05-2020
"More Than 25 US Apple Stores To Reopen, 100 Now Open Around The World",77.53219604492188,18-05-2020
"Barron's Picks And Pans: Cisco, Gilead, Netflix, Wayfair And More",,
"Ubisoft Sues Apple, Google Over Alibaba's Rainbow Six ""Ripoff""",,
13F From Buffett's Berkshire Shows Maintained Stake In Apple,75.74749755859375,15-05-2020
US To Block Shipments Of Semiconductors To Huawei: Report,75.74749755859375,15-05-2020
Quick Retreat: Impressive Thursday Turnaround Halted in Its Tracks Amid Fresh Trade Tiff,75.74749755859375,15-05-2020
Apple shares are trading lower on reports the company is among those China could retaliate against after the US announced it will block chip shipments from Huawei.,75.74749755859375,15-05-2020
"China's Global Times Mentions Qualcomm, Cisco, Apple And Boeing As 'four companies named by Chinese sources as possible targets for retaliation amid US moves against China's Huawei'",75.74749755859375,15-05-2020
A Peek Into The Markets: US Stock Futures Up Ahead Of Economic Reports,75.74749755859375,15-05-2020
Amazon To Manufacture Face Shields And Sell Them At Cost,75.74749755859375,15-05-2020
Taiwanese Apple Supplier TSMC To Build $12B US Chip Factory After Months Of Pressure From Trump Administration,75.74749755859375,15-05-2020
Apple Confirms Acquisition Of Virtual Reality Startup NextVR,75.74749755859375,15-05-2020
'Apple supplier TSMC is reportedly building an Arizona chip plant' -The Verge,76.19798278808594,14-05-2020
"'Apple's computerized glasses won't be ready until 2022 'at the earliest,' top analyst says' -CNBC Article",76.19798278808594,14-05-2020
The Mixed Sony Effect,76.19798278808594,14-05-2020
Report: FBI Seizes Sen. Richard Burr's Phone In Investigation Of Coronavirus Stock Sell-Off,76.19798278808594,14-05-2020
Apple Plans To Bring Employees Back To Office Even As Tech Peers Hold Off,75.73271942138672,13-05-2020
"Retail Pro Says Giants Like Amazon, Walmart Will Prevail After Coronavirus: 'It's Not Fair'",75.73271942138672,13-05-2020
"Apple Encourages Chinese Tech Company To Rival Foxconn, Aims To Foster Competition",75.73271942138672,13-05-2020
Apple Plans for More Workers to Go Back to Offices Over Months,76.65830993652344,12-05-2020
"""Stay at Home"" Stocks Still Rule the Roost as Nvidia, Microsoft, Apple Start Week Firmly",76.65830993652344,12-05-2020
"Caution Ahead: Biggest Blue-Chips Seek Change, Innovation Post-COVID-19",76.65830993652344,12-05-2020
"Analyst Polishes Apple Price Target On 'Teflon-Like' Services, iPhone 12 Outlook",76.65830993652344,12-05-2020
"Wedbush Maintains Outperform on Apple, Raises Price Target to $350",76.65830993652344,12-05-2020
Apple Unveils Update To Logic Pro,76.65830993652344,12-05-2020
Not Just Fun And Games: How Esports Could Offer Potential Investment Opportunities,76.65830993652344,12-05-2020
Disney Plans Another Bonds Offering With A Six-Part Deal,76.65830993652344,12-05-2020
Cruise Line Earnings Later This Week Could Provide Insight On Brutal Quarter For Industry,77.54450225830078,11-05-2020
"Trump, Intel, TSMC Plan US 'Self-Sufficiency' In Semiconductors As Coronavirus Gives Supply-Chain Scare",77.54450225830078,11-05-2020
"Barron's Picks And Pans: Boyd Gaming, Domino's Pizza, Exxon And More",,
Apple Option Alert: May 15 $315 Calls Sweep (52) near the Ask: 354 @ $2.154 vs 6982 OI; Ref=$309.45,76.34322357177734,08-05-2020
"Apple To Give Masks To Customers Inside Retail Stores, Company To Let Customers Choose Product Pick Up Times Online",76.34322357177734,08-05-2020
"Apple Says Social-Distancing Guidelines Will Limit Number Of Customers In Stores, May Create Delays For Walk-In Customers",76.34322357177734,08-05-2020
"Apple To Reopen Small Number Of U.S. Stores In Idaho, South Carolina, Alabama And Alaska Starting Next Week; Says It Will Require Customers To Wear Masks, Undergo Temperature Checks Before Entering Stores",76.34322357177734,08-05-2020
Apple To Reopen Germany Retail Stores May 11,76.34322357177734,08-05-2020
"Along With Dramatic Jobs Data, Investors Scrutinize Recent Earnings From Uber, Square",76.34322357177734,08-05-2020
Spotify CEO's Apple Barb Backfires As Sonos Points Out The 'Solid Irony',76.34322357177734,08-05-2020
"A Low-Cost, FAAMNG-Heavy ETF For May",73.80485534667969,06-05-2020
A Recap Of Social Media Earnings,73.80485534667969,06-05-2020
"GM, Disney, Beyond Meat Results In Focus, With GM And BYND Getting Early Lift",73.80485534667969,06-05-2020
'Microsoft is releasing its new AirPods rival after months of delays — and it's even cheaper than expected' -Recent Business Insider Article,73.80485534667969,06-05-2020
Apple Chassis Maker Catcher Said to be Considering Leaving China to Open Factories in SouthEast Asia,73.80485534667969,06-05-2020
What Apple's WWDC 2020 Invite Says About This Year's Virtual Presentation,73.0511703491211,05-05-2020
"Charles Schwab Launches Fractional Shares, The Ability To Gift Stock",73.0511703491211,05-05-2020
Apple to Host Virtual Worldwide Developers Conference Beginning June 22,73.0511703491211,05-05-2020
"Disney, Beyond Meat And Video Game Makers All Set To Report As Firm Tone Continues",73.0511703491211,05-05-2020
"Apple Capitalizes On Plunge In Yields, Issues Cheapest Bonds In Years",73.0511703491211,05-05-2020
Apple Files Final Pricing Term Sheet For Offering Of $2B 0.750% Notes Due 2023,73.0511703491211,05-05-2020
Apple And Google Say No To Location Tracking In Coronavirus Contact Tracing Apps,71.97097778320312,04-05-2020
'Apple raises more than $8 billion in bond offering' -Tweet From CNBC Now,71.97097778320312,04-05-2020
Apple Grows Smartphone Market Share Even As Overall Market Declines At Record Pace,71.97097778320312,04-05-2020
"Hearing Apple To Reopen Stores Starting Friday, Region Not Specified",71.97097778320312,04-05-2020
"GM, Disney In Focus Along With Friday's Payrolls Data As Stocks Appear Shaky To Start New Week",71.97097778320312,04-05-2020
"Apple Announces Updated MacBook Pro Offering 10th Generation Processor For Up To 80% Faster Graphics Performance; Starting At $1,299 And $1,199 For Education",71.97097778320312,04-05-2020
Apple Inc Files Prospectus Supplement Related To A Potential Four-Part Notes Offering,71.97097778320312,04-05-2020
Tim Cook On Warren Buffett: 'I Don't Think There's A Better Teacher',,
"Amazon, Exxon Mobil Earnings Weigh On Market To Start New Month As Caution Steers The Wheel",70.96687316894531,01-05-2020
VirnetX Shares Dip; Hearing Judge Has Ordered Retrial Regarding Damages In VirnetX vs Apple VPN On Demand Lawsuit,70.96687316894531,01-05-2020
"Apple Shows Signs Of Recovery From Coronavirus, Doesn't Shake Bulls With Lack Of Guidance",70.96687316894531,01-05-2020
"UPDATE: Raymond James On Apple Notes 'and those who don't buy a phone this year will have a strong incentive to buy one next year, particularly with more complete 5G networks and our belief of a stronger 2021 iPhone feature set'",70.96687316894531,01-05-2020
"UPDATE: Raymond James Maintains Outperform On Apple, Raises Target To $340 Notes 'our optimism for the stock is about 2021. We think upgrades to 5G are inevitable'",70.96687316894531,01-05-2020
"UPDATE: Morgan Stanley On Apple Notes 'With increased confidence in the 5G iPhone launch and stretched iPhone replacement cycles, Apple remains top pick'",70.96687316894531,01-05-2020
"UPDATE: Morgan Stanley Maintains Overweight On Apple, Raises Tgt To $326 Notes 'While Apple pulled guidance, qualitative commentary leads us to raise our F3Q revenue estimate as demand improved in 2H of April and more stores will open before quarter-end'",70.96687316894531,01-05-2020
"UPDATE: Cascend Reiterates Buy On Apple, Lowers Target To $325 Notes 'not providing guidance is worrying even as the company performs solidly in a difficult environment",70.96687316894531,01-05-2020
"DA Davidson Maintains Buy on Apple, Lowers Price Target to $355",70.96687316894531,01-05-2020
"Canaccord Genuity Maintains Buy on Apple, Raises Price Target to $310",70.96687316894531,01-05-2020
"Nomura Instinet Maintains Neutral on Apple, Raises Price Target to $250",70.96687316894531,01-05-2020
"Disappointment From Amazon, Apple Weighs On Market As Investors Also Consider Energy Earnings",70.96687316894531,01-05-2020
"Apple shares are trading lower after the company reported revenue growth, which remained flat year over year.",70.96687316894531,01-05-2020
"UBS Maintains Buy on Apple, Raises Price Target to $325",70.96687316894531,01-05-2020
10 Biggest Price Target Changes For Friday,70.96687316894531,01-05-2020
"B of A Securities Reiterates Buy on Apple, Raises Price Target to $320",70.96687316894531,01-05-2020
"Raymond James Maintains Outperform on Apple, Raises Price Target to $340",70.96687316894531,01-05-2020
"Morgan Stanley Maintains Overweight on Apple, Raises Price Target to $326",70.96687316894531,01-05-2020
32 Stocks Moving in Friday's Pre-Market Session,70.96687316894531,01-05-2020
"JP Morgan Maintains Overweight on Apple, Raises Price Target to $350",70.96687316894531,01-05-2020
"Piper Sandler Maintains Overweight on Apple, Raises Price Target to $310",70.96687316894531,01-05-2020
"Cascend Maintains Buy on Apple, Lowers Price Target to $325",70.96687316894531,01-05-2020
Hearing JP Morgan Added Apple Shares To Its Bullish 'Focus List',70.96687316894531,01-05-2020
A Peek Into The Markets: US Stock Futures Point To A Lower Open,70.96687316894531,01-05-2020
"Apple, Huawei Each Captured a Higher Share of China's Smartphone Market in Q1, Says Canalys",70.96687316894531,01-05-2020
"8 Stocks To Watch For May 1, 2020",70.96687316894531,01-05-2020
Apple Increased Smartphone Market Share In China In Q1 During Pandemic: Report,70.96687316894531,01-05-2020
"Apple Has 'Better Days Ahead,' Analysts Say After Q1 Earnings Beat",70.96687316894531,01-05-2020
TikTok Considers Launching Reality TV Show,70.96687316894531,01-05-2020
Apple CEO Tim Cook: Store Traffic Not Back To Pre-COVID-19 Levels In China,72.1280746459961,30-04-2020
Apple CFO Says Advertising Also To Be Affected By June Quarter,72.1280746459961,30-04-2020
Apple CFO Says Apple Care And Advertising Will Be Affected In June Quarter,72.1280746459961,30-04-2020
"Apple CFO Expects Digital Services To Continue To Grow At Same Level Of Performance Seen In Mar., Qtr.; Says Expects Apple Care To Be Impacted During Jun. Qtr.",72.1280746459961,30-04-2020
"Apple CEO Tim Cook Says Austria, Australia Apple Stores To Reopen In 1 To 2 Weeks",72.1280746459961,30-04-2020
"Apple CEO, On TV+, Says Have Seen A Significant Uptick In Number Of People Who Are Viewing The Content As Well As The Engagement With Content",72.1280746459961,30-04-2020
Apple CEO Tim Cook Sees Remote Work Sector Accelerating,72.1280746459961,30-04-2020
Apple CEO: Our Products Are Even More Important In 'These Times',72.1280746459961,30-04-2020
"Apple CFO: The Core Of The Company Is Innovation, Will Continue To Invest In Product Pipeline",72.1280746459961,30-04-2020
"Apple CFO Says Due To Reduced Level Of Economic Activity, Services Like Apple Care And Advertising Have Been Impacted",72.1280746459961,30-04-2020
Apple CFO Says Expects YoY Revenue Performance To Improve In Jun. Qtr,72.1280746459961,30-04-2020
Apple CFO Says Liquidity Has Not Been Issue,72.1280746459961,30-04-2020
Apple CEO Tim Cook: We Will Not Be Issuing Guidance For The Following Quarter,72.1280746459961,30-04-2020
Apple CEO Tim Cook: We Envision iPad And Mac To Have Improving Year-Over-Year Performances In This Current Quarter,72.1280746459961,30-04-2020
Apple CEO Tim Cook: Apple To Work With Google To Improve COVID-19 Contact Tracing,72.1280746459961,30-04-2020
Apple CEO Tim Cook: Apple News Had 125M Users,72.1280746459961,30-04-2020
Apple CEO Tim Cook: We Are Sourcing More Than 30M Masks For Employees Around The World,72.1280746459961,30-04-2020
12 Stocks Moving In Thursday's After-Hours Session,72.1280746459961,30-04-2020
"Apple Reports Big Q2 Earnings Beat, Driven By Record Services Revenue",72.1280746459961,30-04-2020
Apple shares are trading higher after the company reported better-than-expected Q2 EPS and sales results. UPDATE: Shares have since reversed.,72.1280746459961,30-04-2020
"Apple CEO Tim Cook ""We are confident in our future and continue to make significant investments in all areas of our business to enrich our customers' lives ... including our five-year commitment to contribute $350 billion to the United States Economy""",72.1280746459961,30-04-2020
Apple Shares Trading Higher 2.3% Following Q2 Earnings,72.1280746459961,30-04-2020
"Apple Q2 iPhone Sales $28.962B, Mac Sales $5.351B, iPad $4.368B, Wearables, Home, Accessories $6.284B",72.1280746459961,30-04-2020
"Apple Q2 Americas Sales $25.473B, Europe $14.294B, Greater China $9.455B, Japan $5.206B, Rest Of Asia Pacific $3.885B",72.1280746459961,30-04-2020
"Apple Reports Q2 Service Revenue $13.348B, Up From $11.45B YoY",72.1280746459961,30-04-2020
"Apple CEO Tim Cook ""Despite COVID-19's unprecedented global impact, we're proud to report that Apple grew for the quarter, driven by an all-time record in Services and a quarterly record for Wearables""",72.1280746459961,30-04-2020
"Apple Q2 EPS $2.550 Beats $2.260 Estimate, Sales $58.300B Beat $54.540B Estimate",72.1280746459961,30-04-2020
"Watching Apple Shares Decline At Least 1% Head Of Earnings, Expected At 4:30",72.1280746459961,30-04-2020
Morning Market Stats in 5 Minutes,72.1280746459961,30-04-2020
"Apple And Amazon Up To Bat this Afternoon As Investors Ponder Microsoft, Facebook Results",72.1280746459961,30-04-2020
Mike Khouw Sees Unusual Options Activity In Apple,72.1280746459961,30-04-2020
"Benzinga Pro's Top 5 Stocks To Watch For Thurs., Apr. 30, 2020: AAPL, LVS, MRNA, IMKTA, CAPR",72.1280746459961,30-04-2020
A Peek Into The Markets: US Stock Futures Edge Higher Ahead Of Apple Earnings,72.1280746459961,30-04-2020
"10 Stocks To Watch For April 30, 2020",72.1280746459961,30-04-2020
"Earnings Scheduled For April 30, 2020",72.1280746459961,30-04-2020
"Shares of several technology companies are trading higher amid market strength following positive data from a study of Gilead's Remdesivir, which is being evaluated for coronavirus. A successful treatment could mean a sooner return to economic activity. NOTE: Some names may also be moving in sympathy following recent earnings from Google and some semiconductor companies.",70.63790893554688,29-04-2020
"Alphabet, Boeing Shares Get A Lift Following Earnings, While GE Falls Short",70.63790893554688,29-04-2020
AT&T Is Hoping HBO Max Will Turn The Tide,70.63790893554688,29-04-2020
Apple Adds Coronavirus Testing Sites To Maps In US,70.63790893554688,29-04-2020
"Apple Earnings Ahead: Rough Quarter, iPhone Expectations And Getting Back To Business",68.39156341552734,28-04-2020
"Earnings Feast: Bring a Plate With Healthcare and Caterpillar in Morning, GOOGL And AMD Later",68.39156341552734,28-04-2020
How Large Apple Option Traders Are Positioning Ahead Of Earnings,69.51841735839844,27-04-2020
3 Sector ETFs For This Week's Earnings Parade,69.51841735839844,27-04-2020
"Raymond James Says 'We lowered our iPhone estimates 2 weeks ago to take into account the likelihood of slower sales, and we don't see a reason to change our estimates at this time'",69.51841735839844,27-04-2020
Raymond James On Reports Of Apple iPhone Delays Says 'Apple suppliers we spoke with hadn't seen changes yet'; Says 'Our conclusion is that AAPL is likely selectively notifying suppliers.',69.51841735839844,27-04-2020
Will COVID-19 Accelerate The Adoption Of Autonomous Vehicles?,69.51841735839844,27-04-2020
"UPDATE: B of A Securities On Apple Notes 'Although AAPL could choose to not provide any guidance,we think AAPL could also provide a much wider than normal range to encapsulate the uncertainty of COVID-19'",69.51841735839844,27-04-2020
"UPDATE: B of A Securities Reiterates Buy On Apple, Raises Target To $310 Notes 'To guide or not guide; that is the question'; Firm Expects 'AAPL to report F2Q well below consensus (not fully adjusted) and to guide well below consensus as well'",69.51841735839844,27-04-2020
"SpotlightNews Informs Communities, Extends Helping Hand To Small Publishers",69.51841735839844,27-04-2020
"B of A Securities Earlier Reiterated Buy on Apple, Raised Price Target to $310",69.51841735839844,27-04-2020
Morning Market Stats in 5 Minutes,69.51841735839844,27-04-2020
"Apple And Amazon Earnings, Fed Meeting Among Highlights In Busy Week Ahead",69.51841735839844,27-04-2020
UPDATE: Apple Cut Number Of Flagship iPhone Units Being Produced Over Jul. To Dec. Period By As Much As 20%,69.51841735839844,27-04-2020
Apple Shares Down 0.9% Since Earlier Dow Jones Report Co. Has Delayed Its Production Ramp Up For Flagship iPhones By About 1 Month,69.51841735839844,27-04-2020
"Apple Is Pushing Back New iPhone Production, WSJ Reports",69.51841735839844,27-04-2020
Carter Worth And Mike Khouw's Apple Trade,69.51841735839844,27-04-2020
Global Smartphone Shipments to Fall to 1.15B Units in 2020,69.51841735839844,27-04-2020
Amazon Pilots Online Screening Of New Sellers During Pandemic,,
"Bulls And Bears Of The Week: Amazon, Boeing, Disney, Netflix And More",,
"Nvidia Reportedly Eyeing 5nm Chips Even As Apple, AMD Ramp Up Orders",69.46930694580078,24-04-2020
"Apple Shares Unaffected As Hearing Trump Says He Spoke With Tim Cook, Trump Says Cook Believes Economy Will See V-Shaped Recovery",69.46930694580078,24-04-2020
10 Biggest Price Target Changes For Friday,69.46930694580078,24-04-2020
Hearing Credit Suisse Asia Sees Apple Cutting iPhone Jul. To Sept. Production By 30% Given A Delay In Production Ramp For 2020 Models,69.46930694580078,24-04-2020
"Apple Says No Evidence That Hackers Exploited Vulnerability In iPhones, iPads To Steal Data",69.46930694580078,24-04-2020
Apple Says No Evidence iPhone Mail Flaw Used Against Customers,69.46930694580078,24-04-2020
"Apple Analyst Braces For 'Friday The 13th'-Like Q2, Says iPhone On Track",67.5200424194336,23-04-2020
"Apple Reportedly Shifting Away From Intel, Will Make Its Own Mac Chips",67.5200424194336,23-04-2020
Intel Shares Unaffected Following NY Post Article 'Apple to reportedly use its own chips for Macs instead of Intel's next year',67.5200424194336,23-04-2020
10 Biggest Price Target Changes For Thursday,67.5200424194336,23-04-2020
"Daiwa Capital Downgrades Apple to Outperform, Lowers Price Target to $297",67.5200424194336,23-04-2020
"Apple Acknowledges Security Flaw in iPhone, iPads That Hackers May Have Used To Steal Data For Years",67.5200424194336,23-04-2020
Another Autonomous Trucking Startup Announces Layoffs,67.78274536132812,22-04-2020
These Companies Could Rebound Sharply After The COVID-19 Crisis,67.78274536132812,22-04-2020
"Little Things Count: After Selloff To Start Week, A Bit of Light Arrives With Positive Earnings",67.78274536132812,22-04-2020
Gene Munster Sees Apple And Tesla As Biggest Winners This Earnings Season,67.78274536132812,22-04-2020
How Stable Are Their Networks? AT&T And Verizon Set To Release Q1 Earnings,65.88500213623047,21-04-2020
Shares of several technology companies are trading lower amid overall market weakness following a collapse in oil prices. Oil has been negatively impacted by excess supply and low demand amid the coronavirus pandemic.,65.88500213623047,21-04-2020
Tuesday's Market Minute: The Streaming Comeback Kid: Netflix,65.88500213623047,21-04-2020
Apple Shares Spike 1.5% Amid Nikkei Report Co. Aiming To Increase iPhone Output By 4% Through Mar.,65.88500213623047,21-04-2020
Apple Likely to Defer New Airpods Pro Launch,65.88500213623047,21-04-2020
Apple Services Now Available in More Countries Around the World,65.88500213623047,21-04-2020
Jerremy Newsome Shares The Rules For His Options Strategy,67.98648834228516,20-04-2020
Coronavirus Sell-Off A Major Opportunity For Activist Investors,67.98648834228516,20-04-2020
"Halliburton, United, Among Key Names Reporting Results, With More Airlines Due Later In Week",67.98648834228516,20-04-2020
"Bulls And Bears Of The Week: Caterpillar, Facebook, Microsoft And More",,
"'Options Action' Traders Weigh In On Apple, S&P 500, Crude Oil",,
Smart Option Trading CEO On Gaining An Edge With Options: 'They Show The Overall Sentiment',,
"Gene Munster Dismisses Goldman's Apple Downgrade, Says Cupertino Has Long-Term Earnings Power",69.42756652832031,17-04-2020
"Goldman Turns Bearish On Apple, Qualcomm, Projects 36% Drop In Q2 iPhone Sales",69.42756652832031,17-04-2020
"Big Earnings Day As Honeywell, Procter & Gamble, Schlumberger Among Those Reporting",69.42756652832031,17-04-2020
'Apple supplier Foxconn steps up semiconductor plans with deal to build a new base in Qingdao' -South China Morning Post,69.42756652832031,17-04-2020
"Benzinga's Top Upgrades, Downgrades For April 17, 2020",69.42756652832031,17-04-2020
"UPDATE: Goldman Sachs Downgrades Apple To Sell, Lowers Target To $233 'as COVID-19 downturn drives reduced 2021 forecasts'",69.42756652832031,17-04-2020
10 Biggest Price Target Changes For Friday,69.42756652832031,17-04-2020
A Peek Into The Markets: US Stock Futures Signal Higher Start On Wall Street,69.42756652832031,17-04-2020
"Goldman Sachs Downgrades Apple to Sell, Lowers Price Target to $233",69.42756652832031,17-04-2020
"Apple Reopening Store In Seoul, First Outside China",69.42756652832031,17-04-2020
"Big Stocks Moving After Hours As Market Cheers Gilead, 'Reopening' Updates",70.3825912475586,16-04-2020
S&P 500 Futures Up 3.2% After Hours; Many Other Stocks Moving Higher With Futures; Investors Reacting Favorably To White Phase Guidelines On Reopening Economy,70.3825912475586,16-04-2020
"Apple's Tim Cook Tells Staff Mgmt. Is Unclear When Employees Will Be Able To Return To Offices, Says Offices Will Likely Have Temperature Checks, Social Distancing Efforts",70.3825912475586,16-04-2020
Comcast's Peacock Takes Well-Timed Flight,70.3825912475586,16-04-2020
Apple shares are trading higher after Deutsche Bank maintained its Buy rating on the stock and raised its price target from $270 to $285 per share.,70.3825912475586,16-04-2020
"Deutsche Bank Maintains Buy on Apple, Raises Price Target to $285",70.3825912475586,16-04-2020
"Morgan Stanley Misses On EPS, But Shows Strong Trading Results For Q1 As Banks Wrap Up",70.3825912475586,16-04-2020
'Apple's only retail store in South Korea reopening April 18' -9to5Mac,70.3825912475586,16-04-2020
Software Rises Above Semiconductors And Hardware As Tech Heads Into Earnings Season,69.8277587890625,15-04-2020
"US Senator Blumenthal Says Apple, Google Have A 'Lot Of Work To Do' To Convince People Coronavirus Contact Tracing Will Not Violate Privacy",69.8277587890625,15-04-2020
Apple Ready To Launch 'iPhone 9'; Analyst Says Initial Sales Could Reach 25M Units,69.8277587890625,15-04-2020
Every Member Of Trump's 'Great American Economic Revival' Industry Groups,69.8277587890625,15-04-2020
BioXcel Therapeutics CEO Says Wearable Devices Are Another Tool To Combat Alzheimer's Agitation,69.8277587890625,15-04-2020
"Apple Shares Unaffected Following Co. Press Release Highlighting Second-Generation iPhone SE, Starting At $399",69.8277587890625,15-04-2020
"Apple Makes Available Its Mobility Data To Aid In Coronavirus Efforts, Says Trends Tool From Apple Maps Can Help Mitigate Spread Of Virus",70.47096252441406,14-04-2020
Apple shares are trading higher after it was reported the company shipped 2.5 million iPhones in China in March.,70.47096252441406,14-04-2020
"JPMorgan, Wells Fargo Earnings Lower Than Expected, But Positive Tone Helps Shares",70.47096252441406,14-04-2020
Apple And Google Give Details On Their Joint Coronavirus Contact Tracing Tool,70.47096252441406,14-04-2020
Apple Shipped 2.5M iPhones in China in March,70.47096252441406,14-04-2020
"IDC Issues PC Report For Q1, Shows 'Sharp Decline in Q1 2020 Despite Increased Demand to Meet Remote Work and School Needs'",67.08306884765625,13-04-2020
Commentary: Why Supply Chains Are Weaker Than Their Weakest Link,67.08306884765625,13-04-2020
Apple Reportedly Planning Major iPhone Design Overhaul For Fall Launches,67.08306884765625,13-04-2020
"Raymond James Maintains Outperform on Apple, Lowers Price Target to $305",67.08306884765625,13-04-2020
Apple And Google Team Up To Build Bluetooth Solution To Tackle COVID-19 Pandemic,67.08306884765625,13-04-2020
"Bloomberg Reports iPhone 12 to Feature Redesigned Stainless Steel Chasis, Cheaper Homepod to be Out Later This Year",67.08306884765625,13-04-2020
"Apple's Stock Will Outperform Other FAANG Stocks In 2020, Long-Term Future 'Among The Brightest', Munster Says",,
"Benzinga's Bulls And Bears Of The Week: Apple, Disney, Intel And More",,
Communications Services Sector Earnings: When Staying In Becomes The Trend,65.79171752929688,09-04-2020
Will FANG Lead The Market Rebound?,65.79171752929688,09-04-2020
Apple At A 'Fork In The Road' As Disney+ Reports 50M Subscribers,65.79171752929688,09-04-2020
"Nomura Maintains Neutral on Apple, Raises Price Target to $240",65.79171752929688,09-04-2020
2 Companies Well Positioned To Weather The Coronavirus Storm,65.79171752929688,09-04-2020
Disney Shares Climb 7% As Video On Demand Service Crosses 50M Subscribers,65.32035827636719,08-04-2020
"Netflix, YouTube, Disney+: Which Video Streaming Platform Do Teens Watch The Most?",65.32035827636719,08-04-2020
The Show Must Go On – Event Industry Rising To The Challenge Of COVID-19,65.32035827636719,08-04-2020
Global Payments Firm Papaya Global Publishes International COVID-19 Crisis Guides For Employers,65.32035827636719,08-04-2020
Watching Apple Shares; Hearing Traders Circulating Word Of Earlier Article From China Publication Suggesting Apple Cut Orders From China Suppliers,65.32035827636719,08-04-2020
Shares of several technology companies are trading higher amid overall market strength on optimism that US coronavirus cases could soon leveling off. NOTE: Some names in the sector have potentially benefited from recent work-at-home trends.,65.32035827636719,08-04-2020
10 Biggest Price Target Changes For Wednesday,65.32035827636719,08-04-2020
"JP Morgan Maintains Overweight on Apple, Lowers Price Target to $335",65.32035827636719,08-04-2020
Hearing Piper Sandler Raised Apple Price Target From $260 To $300; Unconfirmed,65.32035827636719,08-04-2020
iPhone Maker Foxconn To Produce Ventilators In US,65.32035827636719,08-04-2020
"Shares of several technology, semiconductor, and software companies are trading higher amid optimism that coronavirus cases in Asia are potentially easing. Global slowing cases could raise hopes of a sooner return to spending and economic activity.",63.69022750854492,07-04-2020
Microsoft Hires ex-Apple Exec Caballero in Charge of Wireless for Hardware,63.69022750854492,07-04-2020
"3M, Trump Strike Deal To Import 166.5M Masks From China, Company To Continue To Supply Abroad",64.43655395507812,06-04-2020
Investor Movement Index Summary: March 2020,64.43655395507812,06-04-2020
Apple's iPhone 9 Launch Could Be Imminent,64.43655395507812,06-04-2020
"Apple Rumored To Be Eyeing $100M Acquisition Of AR, VR Company NextVR",64.43655395507812,06-04-2020
Apple shares are trading higher potentially due to the company announcing it would produce 1 million face shields per week for healthcare workers.,64.43655395507812,06-04-2020
Apple To Make 1M Face Shields Per Week For Coronavirus Health Workers,,
Apple Said to be Likely Buyer of AR/VR Company NextVR for ~$100M,,
"Barron's Picks And Pans: Post-Pandemic Ideas, Safe Dividends And More",,
Roland Garros Is Giving Us Hope – Shall We Dare to Dream?,59.26630783081055,03-04-2020
"Morgan Stanley Maintains Overweight on Apple, Lowers Price Target to $298",59.26630783081055,03-04-2020
"Credit Suisse Maintains Neutral on Apple, Lowers Price Target to $260",59.26630783081055,03-04-2020
Apple Accidentally Confirms Unreleased Product That Helps Users Find Lost Items,59.26630783081055,03-04-2020
Apple Tells Staff U.S. Stores to Remain Closed Until Early May,59.26630783081055,03-04-2020
Credit Suisse Compiles List Of Corporations With Most And Least Cash,60.13047790527344,02-04-2020
"A Peek Into The Markets: US Stock Futures Gain, Jobless Claims In Focus",60.13047790527344,02-04-2020
Amazon Offers Prime Video Purchases On iOS As Apple Foregoes 30% Third-Party Tax,60.13047790527344,02-04-2020
Is Roku Above Other Streamers – A SWOT Approach,59.14355850219727,01-04-2020
"Hearing Apple, Goldman To Let Card Holders Defer April Payments",59.14355850219727,01-04-2020
Apple Analyst Projects 'Multi-Quarter Impact' On iPhone Shipments From COVID-19 Pandemic,59.14355850219727,01-04-2020
Some Staples Stocks Bouncing Back After Sliding In Recent Rally As Caution Tightens Grip,59.14355850219727,01-04-2020
"Shares of several technology, semiconductor, and software companies are trading lower amid market weakness as macro concerns continue to grow as a result of the coronavirus pandemic. The White House said it expects a surge in cases over the next 2 weeks.",59.14355850219727,01-04-2020
"A Peek Into The Markets: US Stock Futures Tumble Ahead Of ADP, Manufacturing Reports",59.14355850219727,01-04-2020
Here's How The 'MAGA' Tech Giant Stocks Performed In Q1,59.14355850219727,01-04-2020
"Apple Acquires DarkSky, Weather App To Be Pulled From Android",62.42835235595703,31-03-2020
What Google And Is Doing To Fight The Coronavirus,62.42835235595703,31-03-2020
Apple Acquires Dark Sky Weather App,62.42835235595703,31-03-2020
"Strategist Channels His Inner Elsa, Says Apple Investors Need To Let It Go",62.42835235595703,31-03-2020
Japan Display to Raise $200M by Selling Display Production Equipment to Overseas Client Said to be Apple,62.42835235595703,31-03-2020
Ad Sales Decrease With Covid-19 But Digital Holds The Key,62.5560188293457,30-03-2020
Shares of several technology companies are trading higher as equities continue to rise following last week's rebound amid US stimulus measures.,62.5560188293457,30-03-2020
"UBS Maintains Buy on Apple, Lowers Price Target to $290",62.5560188293457,30-03-2020
Apple Supplier Foxconn's Profit Falls Nearly 25% Year-Over-Year: Report,62.5560188293457,30-03-2020
8 Best Investment Strategies During A Recession,,
Options Trading: What Is It And How To Do It?,,
Loup Ventures Says Believes Demand For 5G iPhone Will Be Initially Muted 'as it will reflect overall consumer demand in the fall which we expect to be soft'; Says Believes Apple Is 'One Of The Best Ways' To Invest In 5G Transformation,60.82032775878906,27-03-2020
"Loup Ventures Says 'Taking the view that China production will remain stable (which can quickly change), the supply chain should be positioned to supply several million iPhones by the end of September, in line with supply for previous launches.'",60.82032775878906,27-03-2020
"Loup Ventures Says Believes It Is Still Likely Apple Will Host A Fall 5G iPhone Launch; Notes China Manufacturing And Assembly, Including Some Apple Partners Are Starting To Ramp Up Production",60.82032775878906,27-03-2020
"For Some Companies, A Sliver Of Good News During COVID-19",60.82032775878906,27-03-2020
"'New #COVID19 screening app developed by @Apple, in partnership with @CDCgov, @fema and the @WhiteHouse #coronavirus task force.' -VOA's Steve Herman",60.82032775878906,27-03-2020
"Regional Banks, Other Cyclicals Saw Buying Interest Yesterday Amid Stimulus Hopes",60.82032775878906,27-03-2020
"'Apple iPhone demand destruction 'intensifying,' says Cleveland Research' - Walter Bloomberg",60.82032775878906,27-03-2020
"Shares of several technology, semiconductor, and software companies are trading lower as a potential sell-off from this week's strength. While US stimulus legislation has boosted economic optimism, demand concerns still exist amid the coronavirus.",60.82032775878906,27-03-2020
"1,000 Google Employees Volunteer To Help Expand Sister Company's Coronavirus Testing Program",60.82032775878906,27-03-2020
Apple PCB Suppliers Dismiss Speculation about 5G iPhone Delay,60.82032775878906,27-03-2020
Huawei Releases Latest Flagship Phone Amid Global Coronavirus Lockdown,60.82032775878906,27-03-2020
"Trump Lashes Out At Washington, Michigan Governors For Pandemic Response: 'We Don't Like To See The Complaints'",60.82032775878906,27-03-2020
Roku Or Netflix – Which One Is Better In The Near Term?,63.44719314575195,26-03-2020
Tim Cook Announces Apple 10M Masks Donation To US Health Workers,63.44719314575195,26-03-2020
Apple Shares Tank As Report Says New iPhone Launch Could Be Moved To Next Year,60.27531814575195,25-03-2020
"'Apple weighs delaying 5G iPhone launch by months, sources say' -Nikkei",60.27531814575195,25-03-2020
"Apple's Tim Cook Says Has Been Able To 'Source 10M masks for the US and millions more' For Regions In Europe, Says ' Our ops teams are helping to find and purchase masks from our supply chain in coordination with governments around the world.'",60.27531814575195,25-03-2020
COVID-19 Crisis Could Make Big Tech Even Stronger,60.27531814575195,25-03-2020
"Tesla, Wayfair And Other Profitable Short Trades Could Get A Short Covering Boost",60.27531814575195,25-03-2020
"'Huawei is set to release its #P40 phone series on Thursday, a move that analysts predicted could help push up its phone shipments and even surpass major counterpart @Apple in the short term' -Tweet From China's Global Times Biz",60.27531814575195,25-03-2020
"Airline Shares Jump As Stimulus Agreement Offers Relief, While Nike Up On Earnings",60.27531814575195,25-03-2020
"A Peek Into The Markets: US Stock Futures Surge After Senate, White House Strike Deal On Coronavirus Stimulus Package",60.27531814575195,25-03-2020
Apple Said to be Accelerating Production Relocation Outside China,60.27531814575195,25-03-2020
"Deutsche Bank Upgrades Apple to Buy, Announces $270 Price Target",60.27531814575195,25-03-2020
120 Biggest Movers From Yesterday,60.27531814575195,25-03-2020
'Apple Expects to Start Reopening Stores in First Half of April' -Bloomberg,60.60919570922852,24-03-2020
Apple Expects Stores To Start Re-Opening In First Half On April,60.60919570922852,24-03-2020
Apple Store Closures Could Leave Some Device Owners In The Lurch: Report,60.60919570922852,24-03-2020
75 Stocks Moving In Tuesday's Mid-Day Session,60.60919570922852,24-03-2020
"Rise In Semiconductor, Cloud Computing Stocks Could Set Tone For Broader Economy",60.60919570922852,24-03-2020
Shares of several technology companies are trading higher amid market strength on hopes of a US economic stimulus package agreement.,60.60919570922852,24-03-2020
26 Stocks Moving in Tuesday's Pre-Market Session,60.60919570922852,24-03-2020
Twitter Expects Q1 Operating Loss As Pandemic Hurts Ad Sales,55.08297729492188,23-03-2020
Foxconn Has Secured Enough Workers To Meet 'Seasonal Demand' At All Major Chinese Plants,55.08297729492188,23-03-2020
"Shares of some technology companies are trading lower amid market volatility. Sunday's fiscal stimulus bill failed a procedural senate vote while the Fed on Monday announced stimulus measures. NOTE: Sector is mixed, with some names up for the session.",55.08297729492188,23-03-2020
"Nomura Instinet Maintains Neutral on Apple, Lowers Price Target to $225",55.08297729492188,23-03-2020
"How Tim Cook, Mark Zuckerberg And Other Tech CEOs Are Helping Fight The Global Pandemic",55.08297729492188,23-03-2020
3 ETFs To Short The Dow,55.08297729492188,23-03-2020
Apple Dropped Two-device Limit on Online Purchases of iPhones,55.08297729492188,23-03-2020
Cisco Pledges $225M To Fight Global Coronavirus Pandemic,55.08297729492188,23-03-2020
"Barron's Picks And Pans: Big Tech Picks, Bank Stocks Large and Small And More",,
"Shares of several technology companies are trading higher. Market strength has been attributed to strong containment measures taken by California, rebound in oil, central bank actions and expectations of increased technology usage amid the virus outbreak.",56.2785758972168,20-03-2020
Apple Limits Online iPhone Purchases To Two After Closing All Stores Outside China,56.2785758972168,20-03-2020
Will Big Tech Come To The Rescue Against COVID-19?,60.09364318847656,19-03-2020
"Canaccord Genuity Maintains Buy on Apple, Lowers Price Target to $300",60.09364318847656,19-03-2020
"Oil Giants Persist In Paradoxical Behavior, But They Can Afford It",60.55764389038086,18-03-2020
"Travel, Airline Stocks In Focus Amid Fresh Weakness; Amazon To Hire 100,000 Workers",60.55764389038086,18-03-2020
"Shares of several technology, software and semiconductor companies are trading lower as equities sell off amid continued global coronavirus concerns. The virus has caused global economic disruption and negatively impacted stocks across sectors.",60.55764389038086,18-03-2020
Apple Unveils New iPad Pro And New MacBook Air,60.55764389038086,18-03-2020
"UPDATE: Apple Previously Announced Closing Of Retail Locations Til Mar. 27, Now Says 'Until Further Notice'",62.07729721069336,17-03-2020
Hearing Apple To Close All Retail Stores Until Further Notice,62.07729721069336,17-03-2020
Apple shares are trading higher as tech stocks rebound following Monday's crash. Morgan Stanley analysts today maintained an overweight rating on the stock.,62.07729721069336,17-03-2020
"Trump Says Will Expand Medicare Telehealth Service Offers, Working With Skype, Apple For FaceTime",62.07729721069336,17-03-2020
"Jefferies Reiterates Buy on Apple, Lowers Price Target to $320",62.07729721069336,17-03-2020
10 Biggest Price Target Changes For Tuesday,62.07729721069336,17-03-2020
"Morgan Stanley Maintains Overweight on Apple, Lowers Price Target to $328",62.07729721069336,17-03-2020
A Peek Into The Markets: US Stock Futures Gain Ahead Of Economic Reports,62.07729721069336,17-03-2020
Apple Hit With $1.2B Fine By French Antitrust Authorities,62.07729721069336,17-03-2020
110 Biggest Movers From Yesterday,62.07729721069336,17-03-2020
So-Called 'MAGA' Stocks Lose $1T Market Value In A Single Day,62.07729721069336,17-03-2020
NBCUniversal Releases Movies On-Demand Same Time As Theaters Due To Coronavirus,62.07729721069336,17-03-2020
McDonald's Switches To 'Walk-In-Take-Out' Model In All Company-Owned Restaurants Due To Coronavirus,59.46271514892578,16-03-2020
"Amazon Hiring 100,000 Workers To Meet Increased Demand As Coronavirus Forces Social Distancing",59.46271514892578,16-03-2020
Apple Analyst Says 'Uncertainty Remains Too High' To Buy The Dip,59.46271514892578,16-03-2020
95 Stocks Moving In Monday's Mid-Day Session,59.46271514892578,16-03-2020
5 Reasons Why Amazon Is Morgan Stanley's Top Pick,59.46271514892578,16-03-2020
"Banks, Airlines, Apple Among Stocks Being Hit Hard Despite Fed Cutting Rates To Zero",59.46271514892578,16-03-2020
22 Stocks Moving in Monday's Pre-Market Session,59.46271514892578,16-03-2020
Apple shares are trading lower following a report suggesting the company was fined €1.1B by the French Competition Authority for anti-competitive behavior in its distribution network.,59.46271514892578,16-03-2020
Apple Fined €1.1B byFrench Competition Authority for Anti-competitive Behaviour in Its Distribution Network,59.46271514892578,16-03-2020
144 Biggest Movers From Friday,59.46271514892578,16-03-2020
Walmart Shortens Store Operating Hours In Response To Coronavirus Outbreak,59.46271514892578,16-03-2020
"Starbucks Switches To 'To Go' Model As Coronavirus Spreads, Closes Some Stores",,
Loup Ventures' Munster Says Apple 'Is Doing It Right' With Coronavirus Response,,
"Bulls And Bears Of The Week: Apple, Boeing, FANGs And More",,
Nike Stores Across The World To Temporarily Close,,
"Barron's Picks And Pans: Roundtable Picks, Airline And Oil Stocks, And More",,
All Apple Stores Outside Of China To Temporarily Close,,
Canopy Growth's Storz & Bickel Bypasses Apple's Vaping App Ban With New Web App,68.24181365966797,13-03-2020
88 Stocks Moving In Friday's Mid-Day Session,68.24181365966797,13-03-2020
VirnetX Receives ~$454M Payment In Apple Suit,68.24181365966797,13-03-2020
Apple's Worldwide Developers Conference 2020 To Be Held In Online Format,68.24181365966797,13-03-2020
"Regulators Aiming To Break Of Big Tech Are Receiving ""Help"" From COVID-19",68.24181365966797,13-03-2020
"Apple Gets Upgrade, Futures Reverse Downward Course As Washington Stimulus Awaited",68.24181365966797,13-03-2020
Oracle Might Not Challenge Cloud Providers But Investors Are Pleased,68.24181365966797,13-03-2020
Apple shares are trading higher after Wells Fargo upgraded the stock from Equal-Weight to Overweight and announced a $315 price target. NOTE: The overall market is also rebounding from Thursday's crash.,68.24181365966797,13-03-2020
Apple Reopens All China Stores As Coronavirus Cases Drop In Country,68.24181365966797,13-03-2020
Apple Still Looks to Ship 90M AirPods in 2020,68.24181365966797,13-03-2020
"Wells Fargo Upgrades Apple to Overweight, Announces $315 Price Target",68.24181365966797,13-03-2020
Selling Picks Up In Worst Day Since 1987 As Fear Continues To Drive Markets Lower,60.94062042236328,12-03-2020
Financial Pro Says Trump 'Solidified' Fears Of Economic Slowdown,60.94062042236328,12-03-2020
E-Commerce Is Among The Lucky Ones With The Tools To Amortize The Coronavirus Blow,60.94062042236328,12-03-2020
"Technical Pro: Apple A 'Great Company,' Not A 'Great Stock' Right Now",60.94062042236328,12-03-2020
"Shares of several technology, software and semiconductor companies are trading lower as equities sell off amid continued global coronavirus concerns. The virus has caused global economic disruption and negatively impacted stocks across sectors.",60.94062042236328,12-03-2020
CME To Shut Down Chicago Trading Floor Over Coronavirus Concerns,67.61824798583984,11-03-2020
Here's How Large Option Traders Are Playing High-Yield AT&T As Market Falls,67.61824798583984,11-03-2020
Apple To Close All Italy Stores Until Further Notice,67.61824798583984,11-03-2020
"Despite Volatility, FANG Continues to Prove Its Popularity",67.61824798583984,11-03-2020
"UPDATE: BofA Securities On Apple Notes 'We reiterate Buy on large cash balance/optionality, expected new buyback authorization in April and upcoming 5G cycle'",67.61824798583984,11-03-2020
"UPDATE: BofA Securities Reiterates Buy On Apple, Lowers Target To $320 As Firm Notes 'Lowering estimates on weaker global demand, some delay in product launches'",67.61824798583984,11-03-2020
BofA Lowers Apple Price Target Due To Potential Delay In Product Launches,67.61824798583984,11-03-2020
"As Market Gyrates, Investors Seek Direction From Large Stocks Including Apple, Microsoft",67.61824798583984,11-03-2020
Only Technology Can Save And Lead The Automotive Industry Forward,67.61824798583984,11-03-2020
Coronavirus – Another Severe Hit To The Automotive Industry,67.61824798583984,11-03-2020
"B of A Securities Reiterates Buy on Apple, Lowers Price Target to $320",67.61824798583984,11-03-2020
"Hearing B of A Securities Maintains Buy On Apple, Lowers Target From $350 to $320",67.61824798583984,11-03-2020
"Shares of several companies in the technology, software and semiconductor space are trading lower as equities sell off amid coronavirus fears. The virus spread has disrupted economic activity across sectors and caused global macro uncertainty.",67.61824798583984,11-03-2020
Google Asks All North American Employees To Work From Home As Coronavirus Spreads,67.61824798583984,11-03-2020
Peloton Shares Tick To Session Low As Hearing Report Apple Working On 'Guided Workout' Fitness App,70.05115509033203,10-03-2020
Morning Market Stats In 5 Minutes,70.05115509033203,10-03-2020
The Main Challenges Faced By The Upcoming EV Era,70.05115509033203,10-03-2020
Jedi Wars Between Amazon And Microsoft Are Still Very Much On,70.05115509033203,10-03-2020
"Airlines Continue Suffering As Delta, American Announce Schedule Cuts, But Crude Bounces",70.05115509033203,10-03-2020
Shares of several technology companies are trading higher as markets look to rebound from Monday's selloff. The technology sector has been highly impacted by the coronavirus due to its China exposure and sensitivity to economic conditions.,70.05115509033203,10-03-2020
"UBS Maintains Buy on Apple, Lowers Price Target to $335",70.05115509033203,10-03-2020
123 Biggest Movers From Yesterday,70.05115509033203,10-03-2020
Crude Awakening: Energy Sector Takes A 20% Spill As Crude Price War Sends Oil To 4-Year Low,65.34490966796875,09-03-2020
Investor Movement Index Summary: February 2020,65.34490966796875,09-03-2020
101 Stocks Moving In Monday's Mid-Day Session,65.34490966796875,09-03-2020
